file_path,EDA Report,Data Visualizations,timestamp
.gradio\flagged\file_path\e62c0342ddf222980493\Movie-Rating.csv,,[],2025-07-28 23:59:31.913518
.gradio\flagged\file_path\cb4fa72b1c210b1ce1a2\clean_data.csv,"'
 Data Loaded Successfully!

 Summary:
        Name       Domain        Age   Location        Salary        Exp
count      6            6   6.000000          6      6.000000   6.000000
unique     6            6        NaN          4           NaN        NaN
top     Mike  Datascience        NaN  Bangalore           NaN        NaN
freq       1            1        NaN          3           NaN        NaN
mean     NaN          NaN  50.166667        NaN  23333.333333   4.666667
std      NaN          NaN  10.907184        NaN  19916.492328   2.804758
min      NaN          NaN  34.000000        NaN   5000.000000   2.000000
25%      NaN          NaN  46.250000        NaN  11250.000000   3.250000
50%      NaN          NaN  50.000000        NaN  17500.000000   4.000000
75%      NaN          NaN  53.750000        NaN  27500.000000   4.750000
max      NaN          NaN  67.000000        NaN  60000.000000  10.000000

 Missing Values:
Name        0
Domain      0
Age         0
Location    0
Salary      0
Exp         0

 AI Insights:
Okay, let's analyze this dataset and extract some insights. Here’s a breakdown, organized by category:

**1. Overall Data Characteristics:**

* **Small Dataset:** The dataset has a relatively small number of records (n=15). This is a significant factor influencing the results and the need for careful interpretation.
* **Heterogeneous:**  The data consists of several columns, each with different data types and potentially different meanings.  This is a good sign that the dataset has a distinct level of granularity, but it also requires careful understanding.
* **Missing Data:**  Several fields are currently ""NaN"" (Not a Number).  This is a critical issue that needs addressing.  It indicates missing values and requires a strategy for handling them (imputation, removal, etc.).

**2.  Individual Column Analysis:**

* **Name:**  The names are varied, including “Mike” and “Datascience”. This suggests the dataset might be collecting information about individuals with specialized skills.
* **Domain:** ""Datascience"" is the primary domain, indicating a focus on data-related fields.
* **Age:** The age range is 6-6, meaning there's a slight shift in age between the records.
* **Location:** ""Bangalore"" is the location, suggesting a potentially regional focus.
* **Salary:** The salary ranges from 34 to 67, indicating a significant variation in compensation.
* **Exp (Experience):** The experience data is also highly variable. We have 6, 6, 4, 1, 3, 4, 1, 1, and 1 records.
* **Count/Frequency:**  The counts are 6 for each column (Name, Domain, Age, Location, Salary, and Exp). The frequency of the values is not reported, but the counts suggest a relatively small number of unique records.

**3. Key Insights & Potential Interpretations:**

* **Concentration on Data Science:**  The ""Datascience"" domain and the emphasis on ""Data Science"" suggests this dataset might be related to data analysis, machine learning, or data engineering roles.
* **Age Distribution:** The age range of 6-6 is a bit unusual. It could mean that this data represents a subset of the dataset or a different source of information. A deeper analysis is needed to understand why this age range exists.
* **Salary Variation:** The wide range of salaries (34-67) is a key observation. It could signify:
    * **Salary Bands:** The data might represent salary ranges for different positions or roles.
    * **Compensation Levels:** This could point to a system for tracking pay.
    * **Cost of Living:**  A wider range could reflect different cost-of-living areas.
* **Missing Data:** The ""NaN"" values are a major concern.  They're likely to impact the statistical analysis and require investigation.  Possible causes include:
    * **Data Entry Errors:**  A data entry mistake.
    * **Missing Information:**  A particular record may not have a value for a certain column.
    * **Data Not Relevant:**  The value might be missing for a specific situation.
* **Limited Data:** The relatively small dataset makes it difficult to draw definitive conclusions.  Further data collection would be beneficial for a more robust understanding.

**4.  Recommendations & Next Steps:**

1. **Investigate Missing Values:** Determine why the ""NaN"" values exist.
2. **Data Cleaning:** Implement appropriate data cleaning techniques (e.g., imputation, removing duplicates, handling outliers).
3. **Explore the ""NaN"" Values:** Analyze the *type* of values that are missing (e.g., categorical, numeric).
4. **Aggregate Data:** Calculate summary statistics for each column (mean, median, standard deviation, min, max, frequency) to understand patterns and trends.
5. **Consider Data Type Considerations:**  Ensure columns are correctly formatted for analysis (e.g., numeric for salary, string for location).
6. **Further Explore the Domains:**  Understand which fields relate to each other.  Are there common elements or groupings?

**In summary,** this dataset offers a glimpse into a focused group of individuals with a specialization in data science, but it's important to address the missing data and understand the broader context of the data before drawing meaningful conclusions.**

---

To give you more tailored advice, could you tell me:

*   **What is the purpose of this dataset?** (e.g., market analysis, employee tracking, research study?)
*   **What kind of analysis are you planning to perform?** (e.g., statistical analysis, visualization, machine learning?)","[{""image"": "".gradio\\flagged\\Data Visualizations\\9a14611bbeb907e7b3ac\\Age_distribution.png"", ""caption"": null}, {""image"": "".gradio\\flagged\\Data Visualizations\\dade0a16470a2e32747b\\Salary_distribution.png"", ""caption"": null}, {""image"": "".gradio\\flagged\\Data Visualizations\\85cd1cf6aa25455bc322\\Exp_distribution.png"", ""caption"": null}, {""image"": "".gradio\\flagged\\Data Visualizations\\ef9ffd29bb41f3c9a4e4\\correlation_heatmap.png"", ""caption"": null}]",2025-07-29 01:21:15.519484
